[{"model": "contenttypes.contenttype", "fields": {"model": "permission", "name": "permission", "app_label": "auth"}, "pk": 10}, {"model": "contenttypes.contenttype", "fields": {"model": "group", "name": "group", "app_label": "auth"}, "pk": 11}, {"model": "contenttypes.contenttype", "fields": {"model": "user", "name": "user", "app_label": "auth"}, "pk": 12}, {"model": "contenttypes.contenttype", "fields": {"model": "contenttype", "name": "content type", "app_label": "contenttypes"}, "pk": 13}, {"model": "contenttypes.contenttype", "fields": {"model": "session", "name": "session", "app_label": "sessions"}, "pk": 14}, {"model": "contenttypes.contenttype", "fields": {"model": "site", "name": "site", "app_label": "sites"}, "pk": 15}, {"model": "contenttypes.contenttype", "fields": {"model": "contact", "name": "contact", "app_label": "app"}, "pk": 16}, {"model": "contenttypes.contenttype", "fields": {"model": "resume", "name": "resume", "app_label": "app"}, "pk": 17}, {"model": "contenttypes.contenttype", "fields": {"model": "logentry", "name": "log entry", "app_label": "admin"}, "pk": 18}, {"model": "contenttypes.contenttype", "fields": {"model": "company", "name": "company", "app_label": "app"}, "pk": 19}, {"model": "contenttypes.contenttype", "fields": {"model": "skill", "name": "skill", "app_label": "app"}, "pk": 21}, {"model": "contenttypes.contenttype", "fields": {"model": "workhistory", "name": "work history", "app_label": "app"}, "pk": 22}, {"model": "contenttypes.contenttype", "fields": {"model": "workskill", "name": "work skill", "app_label": "app"}, "pk": 23}, {"model": "contenttypes.contenttype", "fields": {"model": "education", "name": "education", "app_label": "app"}, "pk": 24}, {"model": "contenttypes.contenttype", "fields": {"model": "application", "name": "application", "app_label": "app"}, "pk": 25}, {"model": "sessions.session", "fields": {"expire_date": "2014-12-23T21:57:44.937Z", "session_data": "YjJiNzA2ZjZiNTcwMTY0MDhiNDc5ZTIyYmQxNzMyYzE3NmI1Mjc4Nzp7Il9hdXRoX3VzZXJfYmFja2VuZCI6ImRqYW5nby5jb250cmliLmF1dGguYmFja2VuZHMuTW9kZWxCYWNrZW5kIiwiX2F1dGhfdXNlcl9oYXNoIjoiMzhjNTBlOTNjNDc5NDZhYjBjMzJlYTQ2NzA0YjdlYzlkNWRkOTFkOSIsIl9hdXRoX3VzZXJfaWQiOjJ9"}, "pk": "c2f7h01yyl7mtcztyf9f2mme6udkxtvu"}, {"model": "sessions.session", "fields": {"expire_date": "2014-12-26T01:35:25.914Z", "session_data": "NDY1Y2RiMjI1ZDBmMTZlNTk1MTgyM2Y3Y2MxNGMwZjU3ZjI5NTZlNTp7Il9hdXRoX3VzZXJfaGFzaCI6IjM4YzUwZTkzYzQ3OTQ2YWIwYzMyZWE0NjcwNGI3ZWM5ZDVkZDkxZDkiLCJfYXV0aF91c2VyX2JhY2tlbmQiOiJkamFuZ28uY29udHJpYi5hdXRoLmJhY2tlbmRzLk1vZGVsQmFja2VuZCIsIl9hdXRoX3VzZXJfaWQiOjJ9"}, "pk": "iohz94ht0acb11c3lemxdpchqhvrh1v6"}, {"model": "sessions.session", "fields": {"expire_date": "2014-12-25T05:14:36.312Z", "session_data": "NDY1Y2RiMjI1ZDBmMTZlNTk1MTgyM2Y3Y2MxNGMwZjU3ZjI5NTZlNTp7Il9hdXRoX3VzZXJfaGFzaCI6IjM4YzUwZTkzYzQ3OTQ2YWIwYzMyZWE0NjcwNGI3ZWM5ZDVkZDkxZDkiLCJfYXV0aF91c2VyX2JhY2tlbmQiOiJkamFuZ28uY29udHJpYi5hdXRoLmJhY2tlbmRzLk1vZGVsQmFja2VuZCIsIl9hdXRoX3VzZXJfaWQiOjJ9"}, "pk": "m66n052ajldr8kue1rb62126r36437f6"}, {"model": "sessions.session", "fields": {"expire_date": "2014-12-25T18:05:44.923Z", "session_data": "YzQxYzY0OGU0ZmE4MWJiMzIwNTI1NDA4NGQzYTExNzQwNTFhMzg2NDp7Il9hdXRoX3VzZXJfaGFzaCI6IjM4YzUwZTkzYzQ3OTQ2YWIwYzMyZWE0NjcwNGI3ZWM5ZDVkZDkxZDkiLCJfYXV0aF91c2VyX2lkIjoyLCJfYXV0aF91c2VyX2JhY2tlbmQiOiJkamFuZ28uY29udHJpYi5hdXRoLmJhY2tlbmRzLk1vZGVsQmFja2VuZCJ9"}, "pk": "tefnesk61291a2t9du6nvv9kkpjr14gx"}, {"model": "sites.site", "fields": {"name": "example.com", "domain": "example.com"}, "pk": 1}, {"model": "app.contact", "fields": {"email": "louissimpson@gmail.com", "last_updated": "2014-12-09T22:21:50.308Z", "last_name": "Simpson", "phone": "(619) 512-3043", "first_name": "Louie", "state": "CA", "zip": 92101, "street_address2": null, "city": "San Diego", "street_address": "850 Beech St"}, "pk": 1}, {"model": "app.skill", "fields": {"skill_name": ".NET"}, "pk": 1}, {"model": "app.skill", "fields": {"skill_name": "T-SQL"}, "pk": 2}, {"model": "app.skill", "fields": {"skill_name": "Python"}, "pk": 3}, {"model": "app.skill", "fields": {"skill_name": "PERL"}, "pk": 4}, {"model": "app.skill", "fields": {"skill_name": "ASP.NET\n"}, "pk": 5}, {"model": "app.skill", "fields": {"skill_name": "WCF\n"}, "pk": 6}, {"model": "app.skill", "fields": {"skill_name": "Silverlight\n"}, "pk": 7}, {"model": "app.skill", "fields": {"skill_name": "Javascript\n"}, "pk": 8}, {"model": "app.skill", "fields": {"skill_name": "jQuery"}, "pk": 9}, {"model": "app.skill", "fields": {"skill_name": "PERL\n"}, "pk": 10}, {"model": "app.skill", "fields": {"skill_name": "C#\n"}, "pk": 11}, {"model": "app.skill", "fields": {"skill_name": "VB.NET\n"}, "pk": 12}, {"model": "app.skill", "fields": {"skill_name": "Python\n"}, "pk": 13}, {"model": "app.skill", "fields": {"skill_name": "PHP\n"}, "pk": 14}, {"model": "app.skill", "fields": {"skill_name": "MySQL\n"}, "pk": 15}, {"model": "app.skill", "fields": {"skill_name": "PostrgreSQL\n"}, "pk": 16}, {"model": "app.skill", "fields": {"skill_name": "SQL Server\n"}, "pk": 17}, {"model": "app.skill", "fields": {"skill_name": "SQL Server 2005\n"}, "pk": 18}, {"model": "app.skill", "fields": {"skill_name": "SQL Server 2008\n"}, "pk": 19}, {"model": "app.skill", "fields": {"skill_name": "AngularJS\n"}, "pk": 20}, {"model": "app.skill", "fields": {"skill_name": "ASP.NET MVC\n"}, "pk": 21}, {"model": "app.skill", "fields": {"skill_name": "Django\n"}, "pk": 22}, {"model": "app.skill", "fields": {"skill_name": "Liquid Templating"}, "pk": 23}, {"model": "app.skill", "fields": {"skill_name": "Twiiter Bootstrap"}, "pk": 24}, {"model": "app.skill", "fields": {"skill_name": "TFS"}, "pk": 25}, {"model": "app.skill", "fields": {"skill_name": "Scrum"}, "pk": 26}, {"model": "app.skill", "fields": {"skill_name": "CMMI"}, "pk": 27}, {"model": "app.skill", "fields": {"skill_name": "Java"}, "pk": 28}, {"model": "app.skill", "fields": {"skill_name": "Flash"}, "pk": 29}, {"model": "app.skill", "fields": {"skill_name": "Shockwave"}, "pk": 30}, {"model": "app.skill", "fields": {"skill_name": "HTML"}, "pk": 31}, {"model": "app.skill", "fields": {"skill_name": "CSS"}, "pk": 32}, {"model": "app.skill", "fields": {"skill_name": "Oracle"}, "pk": 33}, {"model": "app.skill", "fields": {"skill_name": "Apache"}, "pk": 34}, {"model": "app.skill", "fields": {"skill_name": "BASH"}, "pk": 35}, {"model": "app.skill", "fields": {"skill_name": "Mandarin Chinese"}, "pk": 36}, {"model": "app.skill", "fields": {"skill_name": "DBASE IV"}, "pk": 37}, {"model": "app.workhistory", "fields": {"place_of_work": "Innova Systems Int'l, LLC.", "is_current": true, "slug": "innova-systems-intl-llc", "start_date": "2009-08-01", "end_date": null, "location": "San Diego, CA", "position": "Software Development Manager", "work_description": "<p>An experienced Technical Lead/Software Engineer specializing in Web-Based software with experience in the entire lifecycle of software development including gathering requirements, system design, prototypes, implementation, testing and deployment.</p>"}, "pk": 1}, {"model": "app.workhistory", "fields": {"place_of_work": "Innova Systems Int'l, LLC.", "is_current": false, "slug": "innova-systems-intl-llc", "start_date": "2006-01-01", "end_date": "2009-08-01", "location": "San Diego, CA", "position": "Lead Developer", "work_description": "<p>Lead a team of three developers working on enterprise level data centric web based applications.</p>\r\n<ul>\r\n<li>Work with Business Analysts and customers to refine requirements and provide technical direction.</li>\r\n<li>Mentor junior developers.</li>\r\n<li>Refine coding standards and ensure adherence amongst the team members.</li>\r\n<li>Maintain product backlogs and audit burndown rates to ensure successful delivery of software releases.</li>\r\n<li>Work with Product Support and Quality Assurance departments to ensure timely release of product.</li>\r\n</ul>"}, "pk": 2}, {"model": "app.workhistory", "fields": {"place_of_work": "Innova Systems Int'l, LLC.", "is_current": false, "slug": "innova-systems-intl-llc", "start_date": "2004-12-15", "end_date": "2006-01-01", "location": "San Diego, CA", "position": "Software Engineer", "work_description": "<p dir=\"ltr\"><span>Architect and Develop enterprise web applications utilizing a wide variety of tools and methods.</span></p>\r\n<ul>\r\n<li dir=\"ltr\">\r\n<p dir=\"ltr\"><span>Work closely with Build team to ensure compatibility with CM and deployment practices.</span></p>\r\n</li>\r\n<li dir=\"ltr\">\r\n<p dir=\"ltr\"><span>Work closely with Team leads to ensure accuracy of Product Backlog and adherence to Agile practices.</span></p>\r\n</li>\r\n<li dir=\"ltr\">\r\n<p dir=\"ltr\"><span>Architected several reusable components which directly ensure more efficient development across teams</span></p>\r\n</li>\r\n<li dir=\"ltr\">\r\n<p dir=\"ltr\"><span>Picked for the Product's architecture team to develop Application Shell and Framework to promote modularization of a complex system.</span></p>\r\n</li>\r\n</ul>\r\n<ul>\r\n<li dir=\"ltr\">\r\n<p dir=\"ltr\"><span>Developed DHTML Framework for integration with Application Shell.</span></p>\r\n</li>\r\n<li dir=\"ltr\"><span>Chosen as lead UI person on architecture team.</span></li>\r\n</ul>"}, "pk": 3}, {"model": "app.workhistory", "fields": {"place_of_work": "ISERA Group, LLC.", "is_current": false, "slug": "isera-group-llc", "start_date": "2003-09-01", "end_date": "2004-11-15", "location": "Santa Barbara, CA", "position": "Senior Applications Developer", "work_description": "<p dir=\"ltr\"><span id=\"docs-internal-guid-5494a458-732b-56ca-a4d0-234aae12fef5\">Lead web-based software development project efforts for highly successful Scheduling software company.</span></p>\r\n<ul>\r\n<li dir=\"ltr\">\r\n<p dir=\"ltr\"><span id=\"docs-internal-guid-5494a458-732b-56ca-a4d0-234aae12fef5\">Developed reusable GUI components to streamline development efforts and increase team member efficiency.</span></p>\r\n</li>\r\n<li dir=\"ltr\">\r\n<p dir=\"ltr\"><span id=\"docs-internal-guid-5494a458-732b-56ca-a4d0-234aae12fef5\">Successfully developed and deployed pioneer client application for integrating with US Navy training systems(CeTARS).</span></p>\r\n</li>\r\n<li dir=\"ltr\">\r\n<p dir=\"ltr\"><span id=\"docs-internal-guid-5494a458-732b-56ca-a4d0-234aae12fef5\"></span>Developed proof of concept application for US Navy readiness assessment to be conducted electronically.</p>\r\n</li>\r\n</ul>"}, "pk": 4}, {"model": "app.workhistory", "fields": {"place_of_work": "Self-Employed", "is_current": false, "slug": "self-employed", "start_date": "2002-02-01", "end_date": "2003-09-01", "location": "Ventura, CA", "position": "Software Developer/Consultant", "work_description": "<p dir=\"ltr\"><span>Gathered requirements and conducted high level system design for several large-scale government related projects. Developed ASP.NET applications for the County of Ventura, CA.</span></p>\r\n<ul>\r\n<li dir=\"ltr\">\r\n<p dir=\"ltr\"><span>Delivered system design for Automated Disease Surveillance System.</span></p>\r\n</li>\r\n<li dir=\"ltr\">\r\n<p dir=\"ltr\"><span>Developed Proof of Concept ASP.NET application for the County's Hospital Diversion Program.</span></p>\r\n</li>\r\n<li dir=\"ltr\"><span>Performed architectural upgrades and design modifications to existing successful nursing referral program for the county's public health department.</span></li>\r\n</ul>"}, "pk": 5}, {"model": "app.workhistory", "fields": {"place_of_work": "Universal Internet", "is_current": false, "slug": "universal-internet", "start_date": "2000-08-01", "end_date": "2002-01-01", "location": "Carmel, CA", "position": "Web Developer", "work_description": "<p>Developed web based applications. Managed conversion of legacy accounting system to web-based version.</p>\r\n<ul>\r\n<li dir=\"ltr\">\r\n<p dir=\"ltr\"><span>Successfully installed and configured Macromedia Generator during first week of employment, a task that had gone unsuccessfully completed for 3 months.</span></p>\r\n</li>\r\n<li dir=\"ltr\">\r\n<p dir=\"ltr\"><span>Converted all data and system configurations from Legacy Platypus Software to Bill-max software. Converted Data from one schema to another while preserving relationships and maintaining data integrity.</span></p>\r\n</li>\r\n<li dir=\"ltr\">\r\n<p dir=\"ltr\"><span>Developed Flash 5 based Golf Course explorer.</span></p>\r\n</li>\r\n</ul>"}, "pk": 6}, {"model": "app.workhistory", "fields": {"place_of_work": "uniquefocus, inc.", "is_current": false, "slug": "uniquefocus-inc", "start_date": "1999-03-01", "end_date": "2001-07-15", "location": "Monterey, CA", "position": "Internet Applications Engineer", "work_description": "<p>Developed web based applications. Gathered customer requirements and generated system designs. Maintained Server environment for 50 web-hosting clients. Maintained databases in SQL Server and MySQL.</p>\r\n<ul>\r\n<li dir=\"ltr\">\r\n<p dir=\"ltr\"><span>Developed and implemented online hosting account creation and signup system, enabling instant turn around on hosting orders and directly lowering operating costs.</span></p>\r\n</li>\r\n<li dir=\"ltr\">\r\n<p dir=\"ltr\"><span>Developed Unix program to handle auto-creation of Apache Virtual Hosts, including creation of DNS records, databases, log files and entries into legacy accounting system whereby lowering both cost and manpower requirements for adding new websites to server.</span></p>\r\n</li>\r\n</ul>"}, "pk": 7}, {"model": "app.workhistory", "fields": {"place_of_work": "Hotwax Media", "is_current": false, "slug": "hotwax-media", "start_date": "1998-07-01", "end_date": "1999-07-01", "location": "Carmel, CA", "position": "Web Developer", "work_description": "<p dir=\"ltr\"><span>Developed commercial websites under the direction of the Executive Director.</span></p>"}, "pk": 8}, {"model": "app.workhistory", "fields": {"place_of_work": "United States Navy", "is_current": false, "slug": "united-states-navy", "start_date": "1991-09-01", "end_date": "1996-09-01", "location": "Various", "position": "Cryptologic Technician/Chinese Linguist", "work_description": "<p dir=\"ltr\"><span>Routinely transcribe foreign languages; operate sophisticated computer-assisted information systems; prepare technical and statistical reports.</span></p>\r\n<ul>\r\n<li dir=\"ltr\">\r\n<p dir=\"ltr\"><span>Fully qualified Aircrewman for EP-3E aircraft.</span></p>\r\n</li>\r\n<li dir=\"ltr\"><span>DLPT (Defense Language Proficiency Test) L2/R2 for Mandarin Chinese</span></li>\r\n</ul>"}, "pk": 9}, {"model": "app.workskill", "fields": {"skill": 1, "skill_proficiency_level": 2, "work_history": 1}, "pk": 1}, {"model": "app.workskill", "fields": {"skill": 5, "skill_proficiency_level": 3, "work_history": 1}, "pk": 2}, {"model": "app.workskill", "fields": {"skill": 4, "skill_proficiency_level": 1, "work_history": 1}, "pk": 4}, {"model": "app.workskill", "fields": {"skill": 6, "skill_proficiency_level": 1, "work_history": 1}, "pk": 5}, {"model": "app.workskill", "fields": {"skill": 8, "skill_proficiency_level": 3, "work_history": 1}, "pk": 6}, {"model": "app.workskill", "fields": {"skill": 11, "skill_proficiency_level": 2, "work_history": 1}, "pk": 7}, {"model": "app.workskill", "fields": {"skill": 21, "skill_proficiency_level": 2, "work_history": 1}, "pk": 8}, {"model": "app.workskill", "fields": {"skill": 19, "skill_proficiency_level": 2, "work_history": 1}, "pk": 9}, {"model": "app.workskill", "fields": {"skill": 9, "skill_proficiency_level": 2, "work_history": 1}, "pk": 10}, {"model": "app.workskill", "fields": {"skill": 24, "skill_proficiency_level": 2, "work_history": 1}, "pk": 11}, {"model": "app.workskill", "fields": {"skill": 25, "skill_proficiency_level": 3, "work_history": 1}, "pk": 12}, {"model": "app.workskill", "fields": {"skill": 26, "skill_proficiency_level": 2, "work_history": 1}, "pk": 13}, {"model": "app.workskill", "fields": {"skill": 27, "skill_proficiency_level": 2, "work_history": 1}, "pk": 14}, {"model": "app.workskill", "fields": {"skill": 1, "skill_proficiency_level": 3, "work_history": 2}, "pk": 15}, {"model": "app.workskill", "fields": {"skill": 5, "skill_proficiency_level": 3, "work_history": 2}, "pk": 16}, {"model": "app.workskill", "fields": {"skill": 2, "skill_proficiency_level": 2, "work_history": 2}, "pk": 17}, {"model": "app.workskill", "fields": {"skill": 6, "skill_proficiency_level": 2, "work_history": 2}, "pk": 18}, {"model": "app.workskill", "fields": {"skill": 7, "skill_proficiency_level": 2, "work_history": 2}, "pk": 19}, {"model": "app.workskill", "fields": {"skill": 9, "skill_proficiency_level": 3, "work_history": 2}, "pk": 20}, {"model": "app.workskill", "fields": {"skill": 8, "skill_proficiency_level": 3, "work_history": 2}, "pk": 21}, {"model": "app.workskill", "fields": {"skill": 18, "skill_proficiency_level": 2, "work_history": 2}, "pk": 22}, {"model": "app.workskill", "fields": {"skill": 27, "skill_proficiency_level": 2, "work_history": 2}, "pk": 23}, {"model": "app.workskill", "fields": {"skill": 25, "skill_proficiency_level": 2, "work_history": 2}, "pk": 24}, {"model": "app.workskill", "fields": {"skill": 1, "skill_proficiency_level": 2, "work_history": 3}, "pk": 25}, {"model": "app.workskill", "fields": {"skill": 5, "skill_proficiency_level": 2, "work_history": 3}, "pk": 26}, {"model": "app.workskill", "fields": {"skill": 8, "skill_proficiency_level": 2, "work_history": 3}, "pk": 27}, {"model": "app.workskill", "fields": {"skill": 17, "skill_proficiency_level": 2, "work_history": 3}, "pk": 28}, {"model": "app.workskill", "fields": {"skill": 11, "skill_proficiency_level": 2, "work_history": 3}, "pk": 29}, {"model": "app.workskill", "fields": {"skill": 18, "skill_proficiency_level": 1, "work_history": 3}, "pk": 30}, {"model": "app.workskill", "fields": {"skill": 2, "skill_proficiency_level": 1, "work_history": 3}, "pk": 31}, {"model": "app.workskill", "fields": {"skill": 8, "skill_proficiency_level": 3, "work_history": 3}, "pk": 32}, {"model": "app.workskill", "fields": {"skill": 9, "skill_proficiency_level": 0, "work_history": 3}, "pk": 33}, {"model": "app.workskill", "fields": {"skill": 5, "skill_proficiency_level": 1, "work_history": 4}, "pk": 34}, {"model": "app.workskill", "fields": {"skill": 1, "skill_proficiency_level": 1, "work_history": 4}, "pk": 35}, {"model": "app.workskill", "fields": {"skill": 11, "skill_proficiency_level": 1, "work_history": 4}, "pk": 36}, {"model": "app.workskill", "fields": {"skill": 8, "skill_proficiency_level": 1, "work_history": 4}, "pk": 37}, {"model": "app.workskill", "fields": {"skill": 17, "skill_proficiency_level": 1, "work_history": 4}, "pk": 38}, {"model": "app.workskill", "fields": {"skill": 1, "skill_proficiency_level": 1, "work_history": 5}, "pk": 39}, {"model": "app.workskill", "fields": {"skill": 5, "skill_proficiency_level": 1, "work_history": 5}, "pk": 40}, {"model": "app.workskill", "fields": {"skill": 15, "skill_proficiency_level": 2, "work_history": 5}, "pk": 41}, {"model": "app.workskill", "fields": {"skill": 14, "skill_proficiency_level": 3, "work_history": 5}, "pk": 42}, {"model": "app.workskill", "fields": {"skill": 8, "skill_proficiency_level": 2, "work_history": 5}, "pk": 43}, {"model": "app.workskill", "fields": {"skill": 17, "skill_proficiency_level": 1, "work_history": 5}, "pk": 44}, {"model": "app.workskill", "fields": {"skill": 28, "skill_proficiency_level": 1, "work_history": 5}, "pk": 45}, {"model": "app.workskill", "fields": {"skill": 30, "skill_proficiency_level": 2, "work_history": 6}, "pk": 46}, {"model": "app.workskill", "fields": {"skill": 29, "skill_proficiency_level": 2, "work_history": 6}, "pk": 47}, {"model": "app.workskill", "fields": {"skill": 4, "skill_proficiency_level": 3, "work_history": 6}, "pk": 48}, {"model": "app.workskill", "fields": {"skill": 14, "skill_proficiency_level": 3, "work_history": 6}, "pk": 49}, {"model": "app.workskill", "fields": {"skill": 15, "skill_proficiency_level": 3, "work_history": 6}, "pk": 50}, {"model": "app.workskill", "fields": {"skill": 16, "skill_proficiency_level": 1, "work_history": 6}, "pk": 51}, {"model": "app.workskill", "fields": {"skill": 8, "skill_proficiency_level": 3, "work_history": 6}, "pk": 52}, {"model": "app.workskill", "fields": {"skill": 31, "skill_proficiency_level": 3, "work_history": 6}, "pk": 53}, {"model": "app.workskill", "fields": {"skill": 32, "skill_proficiency_level": 3, "work_history": 6}, "pk": 54}, {"model": "app.workskill", "fields": {"skill": 32, "skill_proficiency_level": 3, "work_history": 3}, "pk": 55}, {"model": "app.workskill", "fields": {"skill": 32, "skill_proficiency_level": 3, "work_history": 1}, "pk": 56}, {"model": "app.workskill", "fields": {"skill": 32, "skill_proficiency_level": 3, "work_history": 2}, "pk": 57}, {"model": "app.workskill", "fields": {"skill": 33, "skill_proficiency_level": 0, "work_history": 5}, "pk": 58}, {"model": "app.workskill", "fields": {"skill": 14, "skill_proficiency_level": 3, "work_history": 7}, "pk": 59}, {"model": "app.workskill", "fields": {"skill": 15, "skill_proficiency_level": 3, "work_history": 7}, "pk": 60}, {"model": "app.workskill", "fields": {"skill": 10, "skill_proficiency_level": 3, "work_history": 7}, "pk": 61}, {"model": "app.workskill", "fields": {"skill": 34, "skill_proficiency_level": 2, "work_history": 7}, "pk": 62}, {"model": "app.workskill", "fields": {"skill": 35, "skill_proficiency_level": 2, "work_history": 7}, "pk": 63}, {"model": "app.workskill", "fields": {"skill": 31, "skill_proficiency_level": 3, "work_history": 7}, "pk": 64}, {"model": "app.workskill", "fields": {"skill": 32, "skill_proficiency_level": 3, "work_history": 7}, "pk": 65}, {"model": "app.workskill", "fields": {"skill": 31, "skill_proficiency_level": 2, "work_history": 8}, "pk": 66}, {"model": "app.workskill", "fields": {"skill": 8, "skill_proficiency_level": 1, "work_history": 8}, "pk": 67}, {"model": "app.workskill", "fields": {"skill": 10, "skill_proficiency_level": 1, "work_history": 8}, "pk": 68}, {"model": "app.workskill", "fields": {"skill": 32, "skill_proficiency_level": 1, "work_history": 8}, "pk": 69}, {"model": "app.workskill", "fields": {"skill": 36, "skill_proficiency_level": 2, "work_history": 9}, "pk": 70}, {"model": "app.workskill", "fields": {"skill": 37, "skill_proficiency_level": 1, "work_history": 9}, "pk": 71}, {"model": "app.education", "fields": {"school_location": "San Diego, CA", "coursework": "General Education", "school_name": "MESA College"}, "pk": 1}, {"model": "app.education", "fields": {"school_location": "Monterey, CA", "coursework": "47 week Basic Mandarin Chinese course", "school_name": "Defense Language Institute"}, "pk": 2}, {"model": "app.company", "fields": {"contact_name": "", "contact_email": "", "last_updated": "2014-12-09T22:21:33.025Z", "contact_phone": "", "company_name": "Zapier"}, "pk": 1}, {"model": "app.resume", "fields": {"description": "", "contact": 1, "company": 1, "last_updated": "2014-12-09T22:27:58.424Z", "about_me": "<p>Full Stack software developer, experienced in all aspects of the Software Development Lifecycle seeking full-time position with awesome, cutting-edge company.</p>", "work_histories": [], "is_default": true, "position": "Full Stack Engineer"}, "pk": 1}, {"model": "app.application", "fields": {"bootstrap_theme": "//maxcdn.bootstrapcdn.com/bootswatch/3.3.1/darkly/bootstrap.min.css"}, "pk": 1}, {"model": "auth.user", "fields": {"email": "louie@mulletonthego.com", "username": "louie", "last_login": "2014-12-12T01:35:25.909Z", "first_name": "", "is_staff": true, "groups": [], "is_active": true, "is_superuser": true, "last_name": "", "date_joined": "2014-12-09T21:57:37.266Z", "user_permissions": [], "password": "pbkdf2_sha256$12000$ct5pIKnzo0Y4$RswNeFHhWMM9SUs0VgJtY19R3osxGvftMpYJEh7AQAk="}, "pk": 2}, {"model": "admin.logentry", "fields": {"action_flag": 1, "action_time": "2014-12-09T21:58:09.442Z", "object_repr": "LouisSimpson", "user": 2, "object_id": "1", "content_type": 16, "change_message": ""}, "pk": 2}, {"model": "admin.logentry", "fields": {"action_flag": 1, "action_time": "2014-12-09T21:58:30.436Z", "object_repr": "Zapier", "user": 2, "object_id": "1", "content_type": 17, "change_message": ""}, "pk": 3}, {"model": "admin.logentry", "fields": {"action_flag": 3, "action_time": "2014-12-09T22:14:22.053Z", "object_repr": "LouisSimpson", "user": 2, "object_id": "1", "content_type": 16, "change_message": ""}, "pk": 4}, {"model": "admin.logentry", "fields": {"action_flag": 1, "action_time": "2014-12-09T22:21:33.028Z", "object_repr": "Zapier", "user": 2, "object_id": "1", "content_type": 19, "change_message": ""}, "pk": 5}, {"model": "admin.logentry", "fields": {"action_flag": 1, "action_time": "2014-12-09T22:21:50.312Z", "object_repr": "Louie Simpson", "user": 2, "object_id": "1", "content_type": 16, "change_message": ""}, "pk": 6}, {"model": "admin.logentry", "fields": {"action_flag": 1, "action_time": "2014-12-09T22:27:58.428Z", "object_repr": "Zapier Full Stack Engineer", "user": 2, "object_id": "1", "content_type": 17, "change_message": ""}, "pk": 7}, {"model": "admin.logentry", "fields": {"action_flag": 1, "action_time": "2014-12-10T21:04:19.903Z", "object_repr": ".NET", "user": 2, "object_id": "1", "content_type": 21, "change_message": ""}, "pk": 8}, {"model": "admin.logentry", "fields": {"action_flag": 1, "action_time": "2014-12-10T21:04:34.369Z", "object_repr": "T-SQL", "user": 2, "object_id": "2", "content_type": 21, "change_message": ""}, "pk": 9}, {"model": "admin.logentry", "fields": {"action_flag": 2, "action_time": "2014-12-10T21:21:27.359Z", "object_repr": ".NET", "user": 2, "object_id": "1", "content_type": 21, "change_message": "No fields changed."}, "pk": 10}, {"model": "admin.logentry", "fields": {"action_flag": 1, "action_time": "2014-12-10T21:21:38.408Z", "object_repr": "Python", "user": 2, "object_id": "3", "content_type": 21, "change_message": ""}, "pk": 11}, {"model": "admin.logentry", "fields": {"action_flag": 1, "action_time": "2014-12-10T22:28:45.186Z", "object_repr": "Innova Systems (2004-12-15-None", "user": 2, "object_id": "1", "content_type": 22, "change_message": ""}, "pk": 12}, {"model": "admin.logentry", "fields": {"action_flag": 1, "action_time": "2014-12-11T05:18:26.456Z", "object_repr": "PERL", "user": 2, "object_id": "4", "content_type": 21, "change_message": ""}, "pk": 13}, {"model": "admin.logentry", "fields": {"action_flag": 2, "action_time": "2014-12-11T05:18:31.387Z", "object_repr": "Innova Systems (2004-12-15-None", "user": 2, "object_id": "1", "content_type": 22, "change_message": "Added work skill \"PERL - (3, 'Expert')\"."}, "pk": 14}, {"model": "admin.logentry", "fields": {"action_flag": 2, "action_time": "2014-12-12T01:37:44.880Z", "object_repr": "Louie Simpson", "user": 2, "object_id": "1", "content_type": 16, "change_message": "Changed street_address, street_address2, city, state and phone."}, "pk": 15}, {"model": "admin.logentry", "fields": {"action_flag": 2, "action_time": "2014-12-12T02:48:01.083Z", "object_repr": "Louie Simpson", "user": 2, "object_id": "1", "content_type": 16, "change_message": "No fields changed."}, "pk": 16}, {"model": "admin.logentry", "fields": {"action_flag": 2, "action_time": "2014-12-13T17:13:01.396Z", "object_repr": "Innova Systems (2004-12-15-None", "user": 2, "object_id": "1", "content_type": 22, "change_message": "Added work skill \"C#\n - (4, 'Ninja')\". Changed skill_proficiency_level for work skill \"PERL - (4, 'Ninja')\"."}, "pk": 17}, {"model": "admin.logentry", "fields": {"action_flag": 2, "action_time": "2014-12-17T18:31:34.704Z", "object_repr": "Innova Systems (2004-12-15-None", "user": 2, "object_id": "1", "content_type": 22, "change_message": "Added work skill \"WorkSkill object\". Added work skill \"WorkSkill object\". Added work skill \"WorkSkill object\". Added work skill \"WorkSkill object\". Added work skill \"WorkSkill object\". Changed skill for work skill \"WorkSkill object\". Changed skill for work skill \"WorkSkill object\". Changed skill for work skill \"WorkSkill object\"."}, "pk": 18}, {"model": "admin.logentry", "fields": {"action_flag": 2, "action_time": "2014-12-17T18:35:04.936Z", "object_repr": "Innova Systems (2004-12-15-None", "user": 2, "object_id": "1", "content_type": 22, "change_message": "Changed skill_proficiency_level for work skill \"ASP.NET\n - (3, 'Ninja')\"."}, "pk": 19}, {"model": "admin.logentry", "fields": {"action_flag": 2, "action_time": "2014-12-17T18:35:41.693Z", "object_repr": "Innova Systems (2004-12-15-None", "user": 2, "object_id": "1", "content_type": 22, "change_message": "Changed skill_proficiency_level for work skill \"T-SQL - (2, 'Expert')\". Changed skill_proficiency_level for work skill \"Jquery\n - (2, 'Expert')\". Changed skill_proficiency_level for work skill \"C#\n - (2, 'Expert')\". Changed skill_proficiency_level for work skill \"SQL Server 2008\n - (2, 'Expert')\". Changed skill_proficiency_level for work skill \"SQL Server 2005\n - (2, 'Expert')\". Changed skill_proficiency_level for work skill \"AngularJS\n - (1, 'Working Knowledge')\". Changed skill_proficiency_level for work skill \"Silverlight\n - (1, 'Working Knowledge')\"."}, "pk": 20}, {"model": "admin.logentry", "fields": {"action_flag": 2, "action_time": "2014-12-17T18:39:21.876Z", "object_repr": "WorkHistory object", "user": 2, "object_id": "1", "content_type": 22, "change_message": "Changed work_description."}, "pk": 21}, {"model": "admin.logentry", "fields": {"action_flag": 2, "action_time": "2014-12-17T19:27:35.311Z", "object_repr": "Innova Systems (2004-12-15-None", "user": 2, "object_id": "1", "content_type": 22, "change_message": "Added work skill \"VB.NET\n - (1, 'Working Knowledge')\"."}, "pk": 22}, {"model": "admin.logentry", "fields": {"action_flag": 2, "action_time": "2014-12-17T21:44:33.636Z", "object_repr": "Innova Systems (2004-12-15-None", "user": 2, "object_id": "1", "content_type": 22, "change_message": "Changed work_description."}, "pk": 23}, {"model": "admin.logentry", "fields": {"action_flag": 1, "action_time": "2014-12-17T21:45:44.670Z", "object_repr": "Innova Systems (2006-01-01-2009-08-01", "user": 2, "object_id": "2", "content_type": 22, "change_message": ""}, "pk": 24}, {"model": "admin.logentry", "fields": {"action_flag": 2, "action_time": "2014-12-17T21:47:46.671Z", "object_repr": "Innova Systems (2006-01-01-2009-08-01)", "user": 2, "object_id": "2", "content_type": 22, "change_message": "Changed position."}, "pk": 25}, {"model": "admin.logentry", "fields": {"action_flag": 2, "action_time": "2014-12-17T21:48:07.355Z", "object_repr": "Innova Systems (2004-12-15-None)", "user": 2, "object_id": "1", "content_type": 22, "change_message": "Changed position."}, "pk": 26}, {"model": "admin.logentry", "fields": {"action_flag": 1, "action_time": "2014-12-17T21:51:29.361Z", "object_repr": "Innova Systems (2004-12-15-2006-01-01)", "user": 2, "object_id": "3", "content_type": 22, "change_message": ""}, "pk": 27}, {"model": "admin.logentry", "fields": {"action_flag": 1, "action_time": "2014-12-17T21:55:57.779Z", "object_repr": "ISERA Group, LLC. (2003-09-01-2004-11-15)", "user": 2, "object_id": "4", "content_type": 22, "change_message": ""}, "pk": 28}, {"model": "admin.logentry", "fields": {"action_flag": 1, "action_time": "2014-12-17T21:56:43.014Z", "object_repr": "Self-Employed (2002-02-01-2003-09-01)", "user": 2, "object_id": "5", "content_type": 22, "change_message": ""}, "pk": 29}, {"model": "admin.logentry", "fields": {"action_flag": 1, "action_time": "2014-12-17T21:58:04.310Z", "object_repr": "Universal Internet (2000-08-01-2002-01-01)", "user": 2, "object_id": "6", "content_type": 22, "change_message": ""}, "pk": 30}, {"model": "admin.logentry", "fields": {"action_flag": 1, "action_time": "2014-12-17T21:59:24.359Z", "object_repr": "uniquefocus, inc. (1999-03-01-2001-07-15)", "user": 2, "object_id": "7", "content_type": 22, "change_message": ""}, "pk": 31}, {"model": "admin.logentry", "fields": {"action_flag": 1, "action_time": "2014-12-17T22:00:19.266Z", "object_repr": "Hotwax Media (1998-07-01-1999-07-01)", "user": 2, "object_id": "8", "content_type": 22, "change_message": ""}, "pk": 32}, {"model": "admin.logentry", "fields": {"action_flag": 1, "action_time": "2014-12-17T22:01:08.517Z", "object_repr": "United States Navy (1991-09-01-1996-09-01)", "user": 2, "object_id": "9", "content_type": 22, "change_message": ""}, "pk": 33}, {"model": "admin.logentry", "fields": {"action_flag": 1, "action_time": "2014-12-17T22:05:03.580Z", "object_repr": "Defense Language Institute", "user": 2, "object_id": "1", "content_type": 24, "change_message": ""}, "pk": 34}, {"model": "admin.logentry", "fields": {"action_flag": 1, "action_time": "2014-12-17T22:05:20.590Z", "object_repr": "Mesa College", "user": 2, "object_id": "2", "content_type": 24, "change_message": ""}, "pk": 35}, {"model": "admin.logentry", "fields": {"action_flag": 2, "action_time": "2014-12-17T22:11:16.234Z", "object_repr": "Innova Systems (2004-12-15-None)", "user": 2, "object_id": "1", "content_type": 22, "change_message": "Changed is_current."}, "pk": 36}, {"model": "admin.logentry", "fields": {"action_flag": 2, "action_time": "2014-12-17T22:33:56.634Z", "object_repr": "Innova Systems Int'l, LLC. (2004-12-15-None)", "user": 2, "object_id": "1", "content_type": 22, "change_message": "Changed place_of_work."}, "pk": 37}, {"model": "admin.logentry", "fields": {"action_flag": 2, "action_time": "2014-12-17T22:34:10.965Z", "object_repr": "Innova Systems Int'l, LLC. (2006-01-01-2009-08-01)", "user": 2, "object_id": "2", "content_type": 22, "change_message": "Changed place_of_work."}, "pk": 38}, {"model": "admin.logentry", "fields": {"action_flag": 2, "action_time": "2014-12-17T22:34:17.884Z", "object_repr": "Innova Systems Int'l, LLC. (2004-12-15-2006-01-01)", "user": 2, "object_id": "3", "content_type": 22, "change_message": "Changed place_of_work."}, "pk": 39}, {"model": "admin.logentry", "fields": {"action_flag": 2, "action_time": "2014-12-18T00:41:41.073Z", "object_repr": "Louie Simpson", "user": 2, "object_id": "1", "content_type": 16, "change_message": "Changed street_address2."}, "pk": 40}, {"model": "admin.logentry", "fields": {"action_flag": 2, "action_time": "2014-12-18T02:01:13.791Z", "object_repr": "Innova Systems Int'l, LLC. (2009-08-01) - (None)", "user": 2, "object_id": "1", "content_type": 22, "change_message": "Changed start_date."}, "pk": 41}, {"model": "admin.logentry", "fields": {"action_flag": 2, "action_time": "2014-12-18T18:34:27.654Z", "object_repr": "Innova Systems Int'l, LLC. (2009-08-01) - (None)", "user": 2, "object_id": "1", "content_type": 22, "change_message": "Changed position."}, "pk": 42}, {"model": "admin.logentry", "fields": {"action_flag": 2, "action_time": "2014-12-18T18:34:40.410Z", "object_repr": "Innova Systems Int'l, LLC. (2006-01-01) - (2009-08-01)", "user": 2, "object_id": "2", "content_type": 22, "change_message": "Changed position."}, "pk": 43}, {"model": "admin.logentry", "fields": {"action_flag": 2, "action_time": "2014-12-18T18:34:51.441Z", "object_repr": "Innova Systems Int'l, LLC. (2004-12-15) - (2006-01-01)", "user": 2, "object_id": "3", "content_type": 22, "change_message": "Changed position."}, "pk": 44}, {"model": "admin.logentry", "fields": {"action_flag": 2, "action_time": "2014-12-18T18:35:02.223Z", "object_repr": "ISERA Group, LLC. (2003-09-01) - (2004-11-15)", "user": 2, "object_id": "4", "content_type": 22, "change_message": "Changed position."}, "pk": 45}, {"model": "admin.logentry", "fields": {"action_flag": 2, "action_time": "2014-12-18T18:35:18.562Z", "object_repr": "Self-Employed (2002-02-01) - (2003-09-01)", "user": 2, "object_id": "5", "content_type": 22, "change_message": "Changed position."}, "pk": 46}, {"model": "admin.logentry", "fields": {"action_flag": 2, "action_time": "2014-12-18T18:36:07.239Z", "object_repr": "Universal Internet (2000-08-01) - (2002-01-01)", "user": 2, "object_id": "6", "content_type": 22, "change_message": "Changed position."}, "pk": 47}, {"model": "admin.logentry", "fields": {"action_flag": 2, "action_time": "2014-12-18T18:36:17.300Z", "object_repr": "uniquefocus, inc. (1999-03-01) - (2001-07-15)", "user": 2, "object_id": "7", "content_type": 22, "change_message": "Changed position."}, "pk": 48}, {"model": "admin.logentry", "fields": {"action_flag": 2, "action_time": "2014-12-18T18:36:26.818Z", "object_repr": "Hotwax Media (1998-07-01) - (1999-07-01)", "user": 2, "object_id": "8", "content_type": 22, "change_message": "Changed position."}, "pk": 49}, {"model": "admin.logentry", "fields": {"action_flag": 2, "action_time": "2014-12-18T18:36:38.180Z", "object_repr": "United States Navy (1991-09-01) - (1996-09-01)", "user": 2, "object_id": "9", "content_type": 22, "change_message": "Changed position."}, "pk": 50}, {"model": "admin.logentry", "fields": {"action_flag": 2, "action_time": "2014-12-18T18:57:37.266Z", "object_repr": "Innova Systems Int'l, LLC. (2006-01-01) - (2009-08-01)", "user": 2, "object_id": "2", "content_type": 22, "change_message": "Changed work_description. Added work skill \".NET - (3, 'Ninja')\"."}, "pk": 51}, {"model": "admin.logentry", "fields": {"action_flag": 2, "action_time": "2014-12-19T01:30:31.799Z", "object_repr": "Innova Systems Int'l, LLC. (2009-08-01) - (None)", "user": 2, "object_id": "1", "content_type": 22, "change_message": "No fields changed."}, "pk": 52}, {"model": "admin.logentry", "fields": {"action_flag": 1, "action_time": "2014-12-21T15:28:28.259Z", "object_repr": "Application object", "user": 2, "object_id": "1", "content_type": 25, "change_message": ""}, "pk": 53}, {"model": "admin.logentry", "fields": {"action_flag": 2, "action_time": "2014-12-21T15:30:29.310Z", "object_repr": "Application object", "user": 2, "object_id": "1", "content_type": 25, "change_message": "Changed bootsrap_theme."}, "pk": 54}, {"model": "admin.logentry", "fields": {"action_flag": 2, "action_time": "2014-12-21T15:41:57.343Z", "object_repr": "Zapier Full Stack Engineer", "user": 2, "object_id": "1", "content_type": 17, "change_message": "Changed about_me."}, "pk": 55}, {"model": "admin.logentry", "fields": {"action_flag": 2, "action_time": "2014-12-21T15:43:28.197Z", "object_repr": "Zapier Full Stack Engineer", "user": 2, "object_id": "1", "content_type": 17, "change_message": "Changed is_default."}, "pk": 56}, {"model": "admin.logentry", "fields": {"action_flag": 2, "action_time": "2014-12-21T15:52:58.204Z", "object_repr": "Zapier Full Stack Engineer", "user": 2, "object_id": "1", "content_type": 17, "change_message": "Changed about_me."}, "pk": 57}, {"model": "admin.logentry", "fields": {"action_flag": 2, "action_time": "2014-12-21T15:55:52.690Z", "object_repr": "Zapier Full Stack Engineer", "user": 2, "object_id": "1", "content_type": 17, "change_message": "Changed about_me."}, "pk": 58}, {"model": "admin.logentry", "fields": {"action_flag": 2, "action_time": "2014-12-21T16:06:49.541Z", "object_repr": "Zapier Full Stack Engineer", "user": 2, "object_id": "1", "content_type": 17, "change_message": "Changed about_me."}, "pk": 59}, {"model": "admin.logentry", "fields": {"action_flag": 2, "action_time": "2014-12-21T16:07:56.444Z", "object_repr": "Innova Systems Int'l, LLC. (2009-08-01) - (None)", "user": 2, "object_id": "1", "content_type": 22, "change_message": "Changed work_description."}, "pk": 60}, {"model": "admin.logentry", "fields": {"action_flag": 2, "action_time": "2014-12-21T16:11:24.386Z", "object_repr": "Innova Systems Int'l, LLC. (2006-01-01) - (2009-08-01)", "user": 2, "object_id": "2", "content_type": 22, "change_message": "Changed work_description."}, "pk": 61}, {"model": "admin.logentry", "fields": {"action_flag": 2, "action_time": "2014-12-21T16:12:24.972Z", "object_repr": "Innova Systems Int'l, LLC. (2006-01-01) - (2009-08-01)", "user": 2, "object_id": "2", "content_type": 22, "change_message": "Added work skill \"T-SQL - (2, 'Expert')\". Added work skill \"ASP.NET\n - (3, 'Ninja')\". Added work skill \"Javascript\n - (2, 'Expert')\". Added work skill \"Jquery\n - (2, 'Expert')\". Added work skill \"C#\n - (2, 'Expert')\". Added work skill \"WCF\n - (2, 'Expert')\"."}, "pk": 62}, {"model": "admin.logentry", "fields": {"action_flag": 2, "action_time": "2014-12-21T16:12:44.323Z", "object_repr": "Innova Systems Int'l, LLC. (2009-08-01) - (None)", "user": 2, "object_id": "1", "content_type": 22, "change_message": "Deleted work skill \"VB.NET\n - (1, 'Working Knowledge')\"."}, "pk": 63}, {"model": "admin.logentry", "fields": {"action_flag": 2, "action_time": "2014-12-22T04:31:49.951Z", "object_repr": "Innova Systems Int'l, LLC. (2009-08-01) - (None)", "user": 2, "object_id": "1", "content_type": 22, "change_message": "Added work skill \".NET\". Added work skill \"ASP.NET\n\". Added work skill \"Python\"."}, "pk": 65}, {"model": "admin.logentry", "fields": {"action_flag": 1, "action_time": "2014-12-22T04:36:55.693Z", "object_repr": "Twiiter Bootstrap", "user": 2, "object_id": "24", "content_type": 21, "change_message": ""}, "pk": 66}, {"model": "admin.logentry", "fields": {"action_flag": 2, "action_time": "2014-12-22T04:37:01.809Z", "object_repr": "Innova Systems Int'l, LLC. (2009-08-01) - (None)", "user": 2, "object_id": "1", "content_type": 22, "change_message": "Added work skill \"PERL\". Added work skill \"WCF\n\". Added work skill \"Javascript\n\". Added work skill \"C#\n\". Added work skill \"ASP.NET MVC\n\". Added work skill \"SQL Server 2008\n\". Added work skill \"Jquery\n\". Added work skill \"Twiiter Bootstrap\". Changed skill_proficiency_level for work skill \"ASP.NET\n\". Deleted work skill \"Python\"."}, "pk": 67}, {"model": "admin.logentry", "fields": {"action_flag": 1, "action_time": "2014-12-22T04:37:18.563Z", "object_repr": "TFS", "user": 2, "object_id": "25", "content_type": 21, "change_message": ""}, "pk": 68}, {"model": "admin.logentry", "fields": {"action_flag": 1, "action_time": "2014-12-22T04:37:28.089Z", "object_repr": "Scrum", "user": 2, "object_id": "26", "content_type": 21, "change_message": ""}, "pk": 69}, {"model": "admin.logentry", "fields": {"action_flag": 1, "action_time": "2014-12-22T04:37:41.274Z", "object_repr": "CMMI", "user": 2, "object_id": "27", "content_type": 21, "change_message": ""}, "pk": 70}, {"model": "admin.logentry", "fields": {"action_flag": 2, "action_time": "2014-12-22T04:37:45.915Z", "object_repr": "Innova Systems Int'l, LLC. (2009-08-01) - (None)", "user": 2, "object_id": "1", "content_type": 22, "change_message": "Added work skill \"TFS\". Added work skill \"Scrum\". Added work skill \"CMMI\"."}, "pk": 71}, {"model": "admin.logentry", "fields": {"action_flag": 2, "action_time": "2014-12-22T04:37:56.790Z", "object_repr": "Innova Systems Int'l, LLC. (2009-08-01) - (None)", "user": 2, "object_id": "1", "content_type": 22, "change_message": "No fields changed."}, "pk": 72}, {"model": "admin.logentry", "fields": {"action_flag": 2, "action_time": "2014-12-22T17:28:07.250Z", "object_repr": "Application object", "user": 2, "object_id": "1", "content_type": 25, "change_message": "Changed bootstrap_theme."}, "pk": 73}, {"model": "admin.logentry", "fields": {"action_flag": 2, "action_time": "2014-12-22T17:40:03.242Z", "object_repr": "jQuery", "user": 2, "object_id": "9", "content_type": 21, "change_message": "Changed skill_name."}, "pk": 74}, {"model": "admin.logentry", "fields": {"action_flag": 2, "action_time": "2014-12-22T17:44:19.054Z", "object_repr": "Innova Systems Int'l, LLC. (2006-01-01) - (2009-08-01)", "user": 2, "object_id": "2", "content_type": 22, "change_message": "Added work skill \".NET\". Added work skill \"ASP.NET\n\". Added work skill \"T-SQL\". Added work skill \"WCF\n\". Added work skill \"Silverlight\n\". Added work skill \"jQuery\". Added work skill \"Javascript\n\". Added work skill \"SQL Server 2005\n\". Added work skill \"CMMI\". Added work skill \"TFS\"."}, "pk": 75}, {"model": "admin.logentry", "fields": {"action_flag": 2, "action_time": "2014-12-22T17:50:47.300Z", "object_repr": "Innova Systems Int'l, LLC. (2004-12-15) - (2006-01-01)", "user": 2, "object_id": "3", "content_type": 22, "change_message": "Changed work_description. Added work skill \".NET\". Added work skill \"ASP.NET\n\". Added work skill \"Javascript\n\"."}, "pk": 76}, {"model": "admin.logentry", "fields": {"action_flag": 2, "action_time": "2014-12-22T17:55:51.471Z", "object_repr": "Innova Systems Int'l, LLC. (2004-12-15) - (2006-01-01)", "user": 2, "object_id": "3", "content_type": 22, "change_message": "Added work skill \"SQL Server\n\". Added work skill \"C#\n\". Added work skill \"SQL Server 2005\n\". Added work skill \"T-SQL\"."}, "pk": 77}, {"model": "admin.logentry", "fields": {"action_flag": 2, "action_time": "2014-12-22T17:56:24.379Z", "object_repr": "Innova Systems Int'l, LLC. (2004-12-15) - (2006-01-01)", "user": 2, "object_id": "3", "content_type": 22, "change_message": "Added work skill \"Javascript\n\". Added work skill \"jQuery\"."}, "pk": 78}, {"model": "admin.logentry", "fields": {"action_flag": 2, "action_time": "2014-12-22T18:04:33.965Z", "object_repr": "ISERA Group, LLC. (2003-09-01) - (2004-11-15)", "user": 2, "object_id": "4", "content_type": 22, "change_message": "Changed work_description. Added work skill \"ASP.NET\n\". Added work skill \".NET\". Added work skill \"C#\n\". Added work skill \"Javascript\n\". Added work skill \"SQL Server\n\"."}, "pk": 79}, {"model": "admin.logentry", "fields": {"action_flag": 1, "action_time": "2014-12-22T18:05:16.252Z", "object_repr": "Java", "user": 2, "object_id": "28", "content_type": 21, "change_message": ""}, "pk": 80}, {"model": "admin.logentry", "fields": {"action_flag": 2, "action_time": "2014-12-22T18:05:19.207Z", "object_repr": "Self-Employed (2002-02-01) - (2003-09-01)", "user": 2, "object_id": "5", "content_type": 22, "change_message": "Changed work_description. Added work skill \".NET\". Added work skill \"ASP.NET\n\". Added work skill \"MySQL\n\". Added work skill \"PHP\n\". Added work skill \"Javascript\n\". Added work skill \"SQL Server\n\". Added work skill \"Java\"."}, "pk": 81}, {"model": "admin.logentry", "fields": {"action_flag": 1, "action_time": "2014-12-22T18:06:22.165Z", "object_repr": "Flash", "user": 2, "object_id": "29", "content_type": 21, "change_message": ""}, "pk": 82}, {"model": "admin.logentry", "fields": {"action_flag": 1, "action_time": "2014-12-22T18:06:32.492Z", "object_repr": "Shockwave", "user": 2, "object_id": "30", "content_type": 21, "change_message": ""}, "pk": 83}, {"model": "admin.logentry", "fields": {"action_flag": 1, "action_time": "2014-12-22T18:12:17.598Z", "object_repr": "HTML", "user": 2, "object_id": "31", "content_type": 21, "change_message": ""}, "pk": 84}, {"model": "admin.logentry", "fields": {"action_flag": 1, "action_time": "2014-12-22T18:12:28.831Z", "object_repr": "CSS", "user": 2, "object_id": "32", "content_type": 21, "change_message": ""}, "pk": 85}, {"model": "admin.logentry", "fields": {"action_flag": 2, "action_time": "2014-12-22T18:12:38.397Z", "object_repr": "Universal Internet (2000-08-01) - (2002-01-01)", "user": 2, "object_id": "6", "content_type": 22, "change_message": "Changed work_description. Added work skill \"Shockwave\". Added work skill \"Flash\". Added work skill \"PERL\". Added work skill \"PHP\n\". Added work skill \"MySQL\n\". Added work skill \"PostrgreSQL\n\". Added work skill \"Javascript\n\". Added work skill \"HTML\". Added work skill \"CSS\"."}, "pk": 86}, {"model": "admin.logentry", "fields": {"action_flag": 2, "action_time": "2014-12-22T18:12:51.292Z", "object_repr": "Innova Systems Int'l, LLC. (2004-12-15) - (2006-01-01)", "user": 2, "object_id": "3", "content_type": 22, "change_message": "Added work skill \"CSS\"."}, "pk": 87}, {"model": "admin.logentry", "fields": {"action_flag": 2, "action_time": "2014-12-22T18:13:00.566Z", "object_repr": "Innova Systems Int'l, LLC. (2009-08-01) - (None)", "user": 2, "object_id": "1", "content_type": 22, "change_message": "Added work skill \"CSS\"."}, "pk": 88}, {"model": "admin.logentry", "fields": {"action_flag": 2, "action_time": "2014-12-22T18:13:10.243Z", "object_repr": "Innova Systems Int'l, LLC. (2006-01-01) - (2009-08-01)", "user": 2, "object_id": "2", "content_type": 22, "change_message": "Added work skill \"CSS\"."}, "pk": 89}, {"model": "admin.logentry", "fields": {"action_flag": 1, "action_time": "2014-12-22T18:13:29.215Z", "object_repr": "Oracle", "user": 2, "object_id": "33", "content_type": 21, "change_message": ""}, "pk": 90}, {"model": "admin.logentry", "fields": {"action_flag": 2, "action_time": "2014-12-22T18:13:33.019Z", "object_repr": "Self-Employed (2002-02-01) - (2003-09-01)", "user": 2, "object_id": "5", "content_type": 22, "change_message": "Added work skill \"Oracle\"."}, "pk": 91}, {"model": "admin.logentry", "fields": {"action_flag": 1, "action_time": "2014-12-22T18:14:32.756Z", "object_repr": "Apache", "user": 2, "object_id": "34", "content_type": 21, "change_message": ""}, "pk": 92}, {"model": "admin.logentry", "fields": {"action_flag": 1, "action_time": "2014-12-22T18:14:40.803Z", "object_repr": "BASH", "user": 2, "object_id": "35", "content_type": 21, "change_message": ""}, "pk": 93}, {"model": "admin.logentry", "fields": {"action_flag": 2, "action_time": "2014-12-22T18:15:02.270Z", "object_repr": "uniquefocus, inc. (1999-03-01) - (2001-07-15)", "user": 2, "object_id": "7", "content_type": 22, "change_message": "Changed work_description. Added work skill \"PHP\n\". Added work skill \"MySQL\n\". Added work skill \"PERL\n\". Added work skill \"Apache\". Added work skill \"BASH\". Added work skill \"HTML\". Added work skill \"CSS\"."}, "pk": 94}, {"model": "admin.logentry", "fields": {"action_flag": 2, "action_time": "2014-12-22T18:15:54.254Z", "object_repr": "Hotwax Media (1998-07-01) - (1999-07-01)", "user": 2, "object_id": "8", "content_type": 22, "change_message": "Changed work_description. Added work skill \"HTML\". Added work skill \"Javascript\n\". Added work skill \"PERL\n\". Added work skill \"CSS\"."}, "pk": 95}, {"model": "admin.logentry", "fields": {"action_flag": 1, "action_time": "2014-12-22T18:16:16.720Z", "object_repr": "Mandarin Chinese", "user": 2, "object_id": "36", "content_type": 21, "change_message": ""}, "pk": 96}, {"model": "admin.logentry", "fields": {"action_flag": 1, "action_time": "2014-12-22T18:16:29.031Z", "object_repr": "DBASE IV", "user": 2, "object_id": "37", "content_type": 21, "change_message": ""}, "pk": 97}, {"model": "admin.logentry", "fields": {"action_flag": 2, "action_time": "2014-12-22T18:16:43.973Z", "object_repr": "United States Navy (1991-09-01) - (1996-09-01)", "user": 2, "object_id": "9", "content_type": 22, "change_message": "Changed work_description. Added work skill \"Mandarin Chinese\". Added work skill \"DBASE IV\"."}, "pk": 98}, {"model": "admin.logentry", "fields": {"action_flag": 2, "action_time": "2014-12-22T18:20:17.510Z", "object_repr": "Application object", "user": 2, "object_id": "1", "content_type": 25, "change_message": "Changed bootstrap_theme."}, "pk": 99}, {"model": "admin.logentry", "fields": {"action_flag": 1, "action_time": "2014-12-22T18:47:52.806Z", "object_repr": "MESA College", "user": 2, "object_id": "1", "content_type": 24, "change_message": ""}, "pk": 100}, {"model": "admin.logentry", "fields": {"action_flag": 1, "action_time": "2014-12-22T18:48:19.180Z", "object_repr": "Defense Language Institute", "user": 2, "object_id": "2", "content_type": 24, "change_message": ""}, "pk": 101}]